timestamp,hour,day_of_week,day,outdoor_temperature,humidity,solar_context,floor_level,room_area,building_orientation,distance_to_external_wall,NDVI,occupancy,hvac_status,hvac_runtime,indoor_temperature,temperature_delta,humidity_delta,outside_inside_temp_diff,rolling_mean,rolling_std,energy,historical_energy,power_ratio
2025-03-25 00:00:00,0,1,25,25.01551676528082,43.506832758014355,0.0,2,45.0,180,2.0,0.45,0,0,0.0,24.886760338095858,0.0,-5.408812620760479,0.12875642718496394,24.886760338095858,0.0,5.309205650102601,5.4330986725262465,0.42640856815449174
2025-03-25 01:00:00,1,1,25,23.70593713306964,50.52797955567586,0.0,2,45.0,180,2.0,0.45,0,0,0.0,24.890246572926575,0.003486234830717194,7.021146797661508,-1.1843094398569356,24.888503455511216,0.0024651402896088636,5.853497906234914,4.710650598345002,0.47012337162805323
2025-03-25 02:00:00,2,1,25,23.334836488855938,66.04597858555601,0.0,2,45.0,180,2.0,0.45,0,0,0.0,24.472465219132364,-0.41778135379421144,15.517999029880151,-1.1376287302764254,24.749824043384933,0.24020611253962582,5.342574817870721,6.993811454755717,0.4290886110811085
2025-03-25 03:00:00,3,1,25,25.609733294883558,56.64423654450401,0.0,2,45.0,180,2.0,0.45,0,0,0.0,24.369275871765446,-0.10318934736691787,-9.401742041052003,1.2404574231181122,24.577329221274795,0.27586221574560926,5.887898156054292,4.185083482097581,0.4728862258545333
2025-03-25 04:00:00,4,1,25,25.468194343151268,65.43045315481612,0.0,2,45.0,180,2.0,0.45,0,0,0.0,24.406756206798335,0.037480335032888945,8.78621661031211,1.0614381363529333,24.416165765898715,0.05223423402667562,4.298131210467956,5.6771516094531975,0.34520417854982793
2025-03-25 05:00:00,5,1,25,26.88289427778938,67.41496939952049,0.0,2,45.0,180,2.0,0.45,0,0,0.0,24.953459792538844,0.5467035857405094,1.9845162447043663,1.9294344852505354,24.57649729036754,0.3269965441881354,6.434964416860928,4.7351801024884725,0.5168238233653175
2025-03-25 06:00:00,6,1,25,29.25423910557524,62.72711030845516,0.0,2,45.0,180,2.0,0.45,0,0,0.0,25.427712736578485,0.474252944039641,-4.687859091065327,3.826526368996756,24.929309578638552,0.5109065311275182,4.098929310903632,5.058449089224814,0.32920528862827503
2025-03-25 07:00:00,7,1,25,33.38560428849556,76.43241041157107,0.0,2,45.0,180,2.0,0.45,0,0,0.0,25.834965143672843,0.40725240709435795,13.70530010311591,7.550639144822714,25.40537922426339,0.44117684702249743,4.115878552485206,4.612065860164628,0.3305665660604205
2025-03-25 08:00:00,8,1,25,33.53619471794574,70.48485455907206,1.0,2,45.0,180,2.0,0.45,1,1,1.0,25.249625307871376,-0.5853398358014665,-5.947555852499008,8.286569410074364,25.504101062707566,0.3000534337757544,30.108875064185074,28.582658728282443,2.4181926922746966
2025-03-25 09:00:00,9,1,25,34.43444307053395,67.57038508369587,1.0,2,45.0,180,2.0,0.45,5,1,2.0,26.05603467033607,0.8064093624646951,-2.914469475376194,8.37840840019788,25.71354170729343,0.4166914363702645,37.1700701448805,28.643103358921675,2.9853121979507837
2025-03-25 10:00:00,10,1,25,34.63638648551137,58.872593812854426,1.0,2,45.0,180,2.0,0.45,1,1,3.0,25.69631867708843,-0.35971599324764014,-8.697791270841442,8.940067808422942,25.667326218431963,0.40398568905579507,31.25541766615122,36.87020718605784,2.5102772000999045
2025-03-25 11:00:00,11,1,25,35.235412414107905,53.672569670830896,1.0,2,45.0,180,2.0,0.45,3,1,4.0,26.04056885023023,0.3442501731417984,-5.20002414202353,9.194843563877676,25.93097406588491,0.2033646024171929,37.7303872612216,34.68768682167513,3.030314037215919
2025-03-25 12:00:00,12,1,25,35.572029057286315,48.29298080928763,1.0,2,45.0,180,2.0,0.45,4,1,4.0,26.30537569812118,0.26480684789094866,-5.379588861543269,9.266653359165137,26.01408774181328,0.30539081607762947,38.0579744329384,39.26796330722771,3.0566241834116763
2025-03-25 13:00:00,13,1,25,35.57497988990285,39.07310645064285,1.0,2,45.0,180,2.0,0.45,3,1,4.0,26.2629756399814,-0.04240005813977987,-9.21987435864478,9.31200424992145,26.202973396110934,0.14223525802205822,36.00098631266148,31.76342037194189,2.8914172924220365
2025-03-25 14:00:00,14,1,25,34.97959305547967,45.77750749277552,1.0,2,45.0,180,2.0,0.45,3,1,4.0,26.08443752772563,-0.17853811225576877,6.704401042132673,8.895155527754039,26.2175962886094,0.11725136644252446,35.97254120736601,38.05822140644768,2.889132725309852
2025-03-25 15:00:00,15,1,25,33.8933244982227,31.331481737759432,1.0,2,45.0,180,2.0,0.45,1,1,4.0,25.512096023615552,-0.5723415041100779,-14.446025755016088,8.381228474607145,25.95316973044086,0.39227347032576804,30.99587336535986,37.72820989864606,2.4894319134474716
2025-03-25 16:00:00,16,1,25,34.60341807191597,29.73749417394498,1.0,2,45.0,180,2.0,0.45,5,1,4.0,26.196619837543444,0.6845238139278926,-1.5939875638144514,8.406798234372523,25.931051129628212,0.3671358785239687,39.24155795142729,35.26914850682724,3.1516836304685723
2025-03-25 17:00:00,17,1,25,30.461826143283453,35.98207260670827,1.0,2,45.0,180,2.0,0.45,2,1,4.0,25.930207213233796,-0.2664126243096483,6.244578432763291,4.531618930049657,25.879641024797596,0.3450520504479204,30.04390203554206,28.684744528022087,2.412974386950285
2025-03-25 18:00:00,18,1,25,26.78063945195283,34.29931635222345,1.0,2,45.0,180,2.0,0.45,2,1,4.0,25.57117058353596,-0.3590366296978367,-1.682756254484822,1.2094688684168702,25.899332544771067,0.31386561805832686,24.165269692394393,29.720331239196405,1.9408323443643396
2025-03-25 19:00:00,19,1,25,27.199511005955152,32.12052723819962,0.0,2,45.0,180,2.0,0.45,0,0,3.0,25.86748179068419,0.2963112071482321,-2.1787891140238287,1.3320292152709605,25.789619862484653,0.191764661143285,4.064483185602232,4.002269602272301,0.32643874991490723
2025-03-25 20:00:00,20,1,25,30.251786342520475,33.253275863803125,0.0,2,45.0,180,2.0,0.45,0,0,2.0,26.174446383235125,0.30696459255093345,1.1327486256035044,4.07733995928535,25.87103291915176,0.30165357698973866,5.04870855275494,3.56203128471758,0.4054867576975413
2025-03-25 21:00:00,21,1,25,25.70377087131966,41.719300573411104,0.0,2,45.0,180,2.0,0.45,0,0,1.0,26.100469516938578,-0.07397686629654743,8.466024709607979,-0.396698645618919,26.04746589695263,0.16019941656790543,4.833207425406309,4.1970212567198955,0.38817879616724477
2025-03-25 22:00:00,22,1,25,28.62375158778831,41.62490908296388,0.0,2,45.0,180,2.0,0.45,0,0,0.0,26.33601597033959,0.23554645340101388,-0.09439149044722228,2.2877356174487176,26.203643956837766,0.12045707391290784,5.425646883093085,3.985321874267247,0.4357605395614868
2025-03-25 23:00:00,23,1,25,25.679064594763485,40.56671376480414,0.0,2,45.0,180,2.0,0.45,0,0,0.0,26.350064562579114,0.01404859223952215,-1.0581953181597399,-0.6709999678156287,26.262183349952426,0.14022433304174592,4.624311807438722,5.065141550464465,0.37140135577000094
2025-03-26 00:00:00,0,2,26,23.74905501416134,41.75387492975483,0.0,2,45.0,180,2.0,0.45,0,0,0.0,26.261939010176953,-0.08812555240216113,1.1871611649506875,-2.5128839960156135,26.316006514365217,0.04734777706335779,4.540254886837242,5.309205650102601,0.3646503286824629
2025-03-26 01:00:00,1,2,26,23.817104649867154,50.843797218007424,0.0,2,45.0,180,2.0,0.45,0,0,0.0,26.31524057953667,0.05330156935971786,9.089922288252595,-2.498135929669516,26.309081384097578,0.044384456884039546,6.49033263524101,5.853497906234914,0.5212707188665795
2025-03-26 02:00:00,2,2,26,27.138199304884925,55.21011321271384,0.0,2,45.0,180,2.0,0.45,0,0,0.0,26.235253626250394,-0.07998695328627647,4.366315994706419,0.9029456786345307,26.270811071988007,0.04072484849070051,6.401492965837408,5.342574817870721,0.5141355655645076
2025-03-26 03:00:00,3,2,26,25.95976634341723,65.5489097607868,0.0,2,45.0,180,2.0,0.45,0,0,0.0,26.835975678621526,0.6007220523711325,10.338796548072956,-0.8762093352042974,26.4621566281362,0.32619777751132456,5.3315632076251385,5.887898156054292,0.4282042141925074
2025-03-26 04:00:00,4,2,26,26.502576429323835,80.4632572097055,0.0,2,45.0,180,2.0,0.45,0,0,0.0,26.751809475517625,-0.08416620310390144,14.914347448918704,-0.2492330461937904,26.60767959346318,0.325264220637668,2.9748833783598787,4.298131210467956,0.2389275996058881
2025-03-26 05:00:00,5,2,26,28.612298252625365,63.094465178078885,0.0,2,45.0,180,2.0,0.45,0,0,0.0,26.825141522770274,0.07333204725264864,-17.36879203162662,1.7871567298550914,26.80430889230314,0.04578740334836146,4.251718372118903,6.434964416860928,0.3414765339173351
2025-03-26 06:00:00,6,2,26,29.252282399118002,71.60678329104076,0.0,2,45.0,180,2.0,0.45,0,0,0.0,26.655422355326397,-0.16971916744387627,8.512318112961871,2.5968600437916045,26.744124451204765,0.0851201718072408,4.451579399088121,4.098929310903632,0.3575283616211996
2025-03-26 07:00:00,7,2,26,31.916696286524413,66.712875150242,0.0,2,45.0,180,2.0,0.45,0,0,0.0,26.703112998305503,0.047690642979105746,-4.893908140798757,5.21358328821891,26.727892292134058,0.08753090312260084,3.725424620953504,4.115878552485206,0.2992072794086579
2025-03-26 08:00:00,8,2,26,30.216669960448453,69.05084975819521,1.0,2,45.0,180,2.0,0.45,3,1,1.0,25.734225192943224,-0.9688878053622787,2.337974607953214,4.482444767505228,26.36425351552504,0.5461413414111649,27.87721192673514,30.108875064185074,2.238956786612463
2025-03-26 09:00:00,9,2,26,34.23492702899966,69.05130678020848,1.0,2,45.0,180,2.0,0.45,3,1,2.0,25.483127553904033,-0.251097639039191,0.0004570220132649183,8.751799475095623,25.97348858171759,0.6442253860596403,33.041254797851494,37.1700701448805,2.6537066139277004
2025-03-26 10:00:00,10,2,26,34.87459760685932,64.2260870801669,1.0,2,45.0,180,2.0,0.45,5,1,3.0,25.66286027538306,0.1797327214790272,-4.825219700041572,9.211737331476257,25.626737674076775,0.12938754896273266,38.03349313727582,31.25541766615122,3.054657969458399
2025-03-26 11:00:00,11,2,26,33.21090044071603,57.92464140913468,1.0,2,45.0,180,2.0,0.45,2,1,4.0,25.674310877158927,0.011450601775866431,-6.301445671032226,7.536589563557104,25.606766235482002,0.10722719690909091,31.12144777575534,37.7303872612216,2.4995174155098274
2025-03-26 12:00:00,12,2,26,34.488993073368256,53.1802148615473,1.0,2,45.0,180,2.0,0.45,1,1,4.0,25.27888550451672,-0.3954253726422081,-4.744426547587381,9.210107568851537,25.538685552352902,0.22506627404385962,32.8254530707078,38.0579744329384,2.6363745097409224
2025-03-26 13:00:00,13,2,26,35.134936595521,43.903601534971344,1.0,2,45.0,180,2.0,0.45,4,1,4.0,25.369803768520118,0.09091826400339897,-9.276613326575955,9.76513282700088,25.441000050065252,0.20710381264394911,35.7972385138672,36.00098631266148,2.8750532988466846
2025-03-26 14:00:00,14,2,26,34.3957471078654,45.15808653092424,1.0,2,45.0,180,2.0,0.45,3,1,4.0,25.424222096251185,0.05441832773106725,1.2544849959528932,8.971525011614212,25.35763712309601,0.07342820758988504,35.51345638790902,35.97254120736601,2.852261352560835
2025-03-26 15:00:00,15,2,26,31.12655370820684,29.833745956737737,1.0,2,45.0,180,2.0,0.45,5,1,4.0,25.716700560356333,0.2924784641051481,-15.3243405741865,5.409853147850505,25.503575475042542,0.18656651653159217,33.446146134423316,30.99587336535986,2.686225439993971
2025-03-26 16:00:00,16,2,26,32.028795490990554,31.358625415313178,1.0,2,45.0,180,2.0,0.45,5,1,4.0,26.169143980796964,0.45244342044063046,1.524879458575441,5.85965151019359,25.77002221246816,0.37531260631203983,36.17958955726913,39.24155795142729,2.905761802471185
2025-03-26 17:00:00,17,2,26,29.29111037312211,34.90977742872496,1.0,2,45.0,180,2.0,0.45,2,1,4.0,25.82494923366897,-0.34419474712799314,3.55115201341178,3.4661611394531384,25.903597924940755,0.23625298866693878,26.987403663204244,30.04390203554206,2.1674918834631733
2025-03-26 18:00:00,18,2,26,31.840651214799983,31.78986992224083,1.0,2,45.0,180,2.0,0.45,3,1,4.0,25.70623610371767,-0.11871312995129912,-3.119907506484129,6.134415111082312,25.90010977272787,0.24043243466557412,30.877599922310726,24.165269692394393,2.479932788187498
2025-03-26 19:00:00,19,2,26,29.37990267877352,24.817584865210463,0.0,2,45.0,180,2.0,0.45,0,0,3.0,25.89236697052186,0.1861308668041879,-6.972285057030366,3.4875357082516594,25.80785076930283,0.09423610246110137,4.632247474629919,4.064483185602232,0.3720387084565151
2025-03-26 20:00:00,20,2,26,29.174013314360394,27.963840873920223,0.0,2,45.0,180,2.0,0.45,0,0,2.0,26.13838347915905,0.24601650863719016,3.1462560087097593,3.0356298352013447,25.91232885113286,0.21676414840408267,5.828937902057006,5.04870855275494,0.46815083620457276
2025-03-26 21:00:00,21,2,26,25.20319073373176,39.39075686026704,0.0,2,45.0,180,2.0,0.45,0,0,1.0,26.22305650279861,0.08467302363956009,11.426915986346817,-1.0198657690668504,26.084602317493175,0.1717795147913217,3.744810646900395,4.833207425406309,0.30076426704692344
2025-03-26 22:00:00,22,2,26,25.581816436324857,42.5082487655888,0.0,2,45.0,180,2.0,0.45,0,0,0.0,25.95126844084338,-0.2717880619552311,3.1174919053217636,-0.36945200451852145,26.10423614093368,0.13907450588171769,4.207958772105545,5.425646883093085,0.3379619839800298
2025-03-26 23:00:00,23,2,26,24.697676277299664,46.67707288909749,0.0,2,45.0,180,2.0,0.45,0,0,0.0,25.734866086867658,-0.21640235397572027,4.168824123508685,-1.0371898095679946,25.969730343503215,0.24461827801507577,6.8476263003150795,4.624311807438722,0.549966740489317
2025-03-27 00:00:00,0,3,27,28.071102371857002,53.41331123588531,0.0,2,45.0,180,2.0,0.45,0,0,0.0,25.890994719333694,0.1561286324660358,6.736238346787822,2.180107652523308,25.85904308234824,0.11168336953673233,4.0733471627954625,4.540254886837242,0.3271506597696416
2025-03-27 01:00:00,1,3,27,25.14707848727618,59.523349204481065,0.0,2,45.0,180,2.0,0.45,0,0,0.0,25.889526587857553,-0.0014681314761411102,6.110037968595755,-0.7424481005813739,25.8384624646863,0.08972009794548286,5.281957456945539,6.49033263524101,0.4242201309767616
2025-03-27 02:00:00,2,3,27,25.843198479829912,60.2618391944421,0.0,2,45.0,180,2.0,0.45,0,0,0.0,25.907227686315455,0.01770109845790202,0.7384899899610389,-0.064029206485543,25.895916331168902,0.009823386327032332,3.288336051131709,6.401492965837408,0.264102534273987
2025-03-27 03:00:00,3,3,27,28.700525546325565,63.812588646589354,0.0,2,45.0,180,2.0,0.45,0,0,0.0,26.259289806746583,0.3520621204311283,3.550749452147251,2.441235739578982,26.01868136030653,0.20856090380357117,4.791355953644252,5.3315632076251385,0.3848174974485048
2025-03-27 04:00:00,4,3,27,27.97881709929173,67.45029945294806,0.0,2,45.0,180,2.0,0.45,0,0,0.0,26.80990541172423,0.5506156049776472,3.6377108063587045,1.1689116875675012,26.32547430159542,0.454963800215006,6.253484400188218,2.9748833783598787,0.5022482655214491
2025-03-27 05:00:00,5,3,27,26.094724855614523,70.0470155825665,0.0,2,45.0,180,2.0,0.45,0,0,0.0,26.984712050418796,0.17480663869456592,2.596716129618443,-0.8899871948042737,26.68463575629654,0.3785878006907196,4.026018337714576,4.251718372118903,0.32334944771171625
2025-03-27 06:00:00,6,3,27,30.152460249105108,66.81838948811843,0.0,2,45.0,180,2.0,0.45,0,0,0.0,27.14634940462985,0.1616373542110523,-3.2286260944480745,3.006110844475259,26.980322288924288,0.16826494761256125,4.666088913235047,4.451579399088121,0.374756681790176
2025-03-27 07:00:00,7,3,27,34.477413748584254,69.74045103955726,0.0,2,45.0,180,2.0,0.45,0,0,0.0,27.57497277277972,0.42862336814987145,2.92206155143883,6.902440975804534,27.235344742609456,0.30502796220526796,3.576917652660613,3.725424620953504,0.2872799501838966
2025-03-27 08:00:00,8,3,27,33.38638164425462,67.74548664180284,0.3,2,45.0,180,2.0,0.45,4,1,1.0,26.6392028017467,-0.9357699710330216,-1.9949643977544156,6.747178842507921,27.12017499305209,0.46843375683000743,32.85014741814234,27.87721192673514,2.6383578349358823
2025-03-27 09:00:00,9,3,27,36.27815636135733,57.70301596636104,0.3,2,45.0,180,2.0,0.45,3,1,2.0,25.883314878246647,-0.7558879235000511,-10.042470675441798,10.394841483110685,26.699163484257685,0.8474214244514962,36.3161898804553,33.041254797851494,2.916732850130288
2025-03-27 10:00:00,10,3,27,36.637382665190046,65.70215052223367,0.3,2,45.0,180,2.0,0.45,1,1,3.0,25.379768299946893,-0.5035465782997548,7.999134555872622,11.257614365243153,25.967428659980083,0.6339165262785309,32.861268919917094,38.03349313727582,2.639251057756778
2025-03-27 11:00:00,11,3,27,36.331980999800855,47.548768460456195,0.3,2,45.0,180,2.0,0.45,4,1,4.0,25.426659907437408,0.04689160749051524,-18.15338206177747,10.905321092363447,25.56324769521031,0.2781761257833699,37.22228234049935,31.12144777575534,2.9895056176525814
2025-03-27 12:00:00,12,3,27,35.37607454012359,49.54754569731481,0.3,2,45.0,180,2.0,0.45,2,1,4.0,25.262741504793116,-0.16391840264429192,1.998777236858615,10.113333035330474,25.35638990405914,0.08442288035270122,34.119765365459884,32.8254530707078,2.7403271325479377
2025-03-27 13:00:00,13,3,27,34.63955749261111,35.57091163809747,0.3,2,45.0,180,2.0,0.45,4,1,4.0,25.546968876759813,0.284227371966697,-13.97663405921734,9.092588615851298,25.41212342966345,0.1426701848085268,37.129953562756825,35.7972385138672,2.982090236800668
2025-03-27 14:00:00,14,3,27,36.8472049183007,44.49434896720478,0.3,2,45.0,180,2.0,0.45,5,1,4.0,26.02188060084811,0.4749117240882974,8.923437329107308,10.825324317452587,25.610530327467014,0.38354020037250086,40.12100113833878,35.51345638790902,3.2223160630429075
2025-03-27 15:00:00,15,3,27,34.73620024749997,30.895916884358428,0.3,2,45.0,180,2.0,0.45,5,1,4.0,26.079197678725265,0.05731707787715479,-13.598432082846351,8.657002568774708,25.882682385444397,0.29214548052137174,38.246655531876605,33.446146134423316,3.0717780957929945
2025-03-27 16:00:00,16,3,27,35.95694548438626,31.433113232113026,0.3,2,45.0,180,2.0,0.45,4,1,4.0,26.0933709894661,0.0141733107408335,0.5371963477545982,9.863574494920162,26.064816423013156,0.03785279782354234,38.05567084034243,36.17958955726913,3.0564391704953953
2025-03-27 17:00:00,17,3,27,29.314657572617964,30.359996985344203,0.3,2,45.0,180,2.0,0.45,1,1,4.0,25.2856867447656,-0.8076842447004999,-1.073116246768823,4.0289708278523655,25.819418470985653,0.46227955542582705,24.723346666959937,26.987403663204244,1.9856542667624457
2025-03-27 18:00:00,18,3,27,28.61501862048692,28.391498243477304,0.3,2,45.0,180,2.0,0.45,4,1,4.0,24.978616767870136,-0.30706997689546256,-1.9684987418668989,3.6364018526167854,25.452558167367275,0.5758070834943816,28.7133951277961,30.877599922310726,2.3061147957342896
2025-03-27 19:00:00,19,3,27,29.591675438908247,32.84473556506693,0.0,2,45.0,180,2.0,0.45,0,0,3.0,25.107594831383068,0.12897806351293184,4.453237321589622,4.484080607525179,25.123966114672935,0.15418821895664706,5.138470359692459,4.632247474629919,0.4126959724263864
2025-03-27 20:00:00,20,3,27,25.546494950763417,35.68304277810199,0.0,2,45.0,180,2.0,0.45,0,0,2.0,25.07920128615176,-0.02839354523130666,2.8383072130350655,0.4672936646116561,25.055137628468326,0.0677726340986832,4.230074243935161,5.828937902057006,0.33973818691855134
2025-03-27 21:00:00,21,3,27,27.10189132397674,34.18639319446552,0.0,2,45.0,180,2.0,0.45,0,0,1.0,25.38776689421439,0.30856560806262934,-1.4966495836364686,1.7141244297623501,25.191521003916407,0.17054584558645616,6.264058851358805,3.744810646900395,0.5030975520022963
2025-03-27 22:00:00,22,3,27,28.022524470105537,40.726927176864805,0.0,2,45.0,180,2.0,0.45,0,0,0.0,25.65288870890841,0.2651218146940195,6.540533982399282,2.3696357611971273,25.373285629758186,0.2871177372132325,5.146912421127973,4.207958772105545,0.41337399613957976
2025-03-27 23:00:00,23,3,27,25.316794277639552,45.76183204776491,0.0,2,45.0,180,2.0,0.45,0,0,0.0,25.616948527382558,-0.03594018152585221,5.034904870900107,-0.30015424974300586,25.552534710168455,0.14382019692207307,6.183739075955243,6.8476263003150795,0.4966466735316796
2025-03-28 00:00:00,0,4,28,22.554498464920496,49.36159718497219,0.0,2,45.0,180,2.0,0.45,0,0,0.0,25.153812618380805,-0.4631359090017533,3.599765137207278,-2.599314153460309,25.474549951557254,0.27834735822682893,4.212046027164645,4.0733471627954625,0.3382902516517481
2025-03-28 01:00:00,1,4,28,27.76455794615758,53.90799341629181,0.0,2,45.0,180,2.0,0.45,0,0,0.0,25.195758241881993,0.04194562350118858,4.546396231319619,2.5687997042755875,25.322173129215116,0.2561430466678141,3.675817945942262,5.281957456945539,0.29522312195526557
2025-03-28 02:00:00,2,4,28,26.463372621432562,60.297596607147675,0.0,2,45.0,180,2.0,0.45,0,0,0.0,25.427855365036738,0.23209712315474462,6.3896031908558655,1.0355172563958241,25.259142075099845,0.1476075522582982,6.652250051563819,3.288336051131709,0.5342751075084378
2025-03-28 03:00:00,3,4,28,27.737521073286068,71.87724871959988,0.0,2,45.0,180,2.0,0.45,0,0,0.0,25.566836268135738,0.13898090309900013,11.579652112452202,2.17068480515033,25.396816625018158,0.18747607294936386,5.855539945035299,4.791355953644252,0.47028737786521446
2025-03-28 04:00:00,4,4,28,28.333458067248188,69.4245204714415,0.0,2,45.0,180,2.0,0.45,0,0,0.0,25.724552503623553,0.15771623548781477,-2.4527282481583796,2.608905563624635,25.573081378932006,0.1484471254959594,3.9415869411891222,6.253484400188218,0.3165683446103498
2025-03-28 05:00:00,5,4,28,29.277199714249754,73.2625195898155,0.0,2,45.0,180,2.0,0.45,0,0,0.0,25.980141866809525,0.2555893631859725,3.8379991183740003,3.297057847440229,25.75717687952294,0.20857526675247204,5.729449282359127,4.026018337714576,0.4601604130285145
2025-03-28 06:00:00,6,4,28,30.432130151857532,70.3765783498784,0.0,2,45.0,180,2.0,0.45,0,0,0.0,25.743620766899035,-0.2365210999104903,-2.8859412399370967,4.688509384958497,25.816105045777373,0.14237962865807066,4.972529202697756,4.666088913235047,0.39936841726742517
2025-03-28 07:00:00,7,4,28,32.077563092333115,67.7224589999767,0.0,2,45.0,180,2.0,0.45,0,0,0.0,26.109715377319556,0.3660946104205216,-2.6541193499017055,5.9678477150135585,25.944492670342708,0.18563260718758626,5.40211232673139,3.576917652660613,0.43387036292458303
2025-03-28 08:00:00,8,4,28,35.92652632997427,67.36493331208197,0.3,2,45.0,180,2.0,0.45,3,1,1.0,25.56973962031601,-0.5399757570035462,-0.3575256878947215,10.356786709658262,25.807691921511534,0.27563071160140074,36.6264582240617,32.85014741814234,2.941652035571582
2025-03-28 09:00:00,9,4,28,31.695374360536263,62.32909076345886,0.3,2,45.0,180,2.0,0.45,4,1,2.0,25.591532517145033,0.02179289682902308,-5.0358425486231155,6.10384184339123,25.7569958382602,0.30565836732159785,33.573740796734064,36.3161898804553,2.696473198480974
2025-03-28 10:00:00,10,4,28,34.234913890646325,61.96810229590718,0.3,2,45.0,180,2.0,0.45,4,1,3.0,25.391138822269575,-0.20039369487545855,-0.3609884675516781,8.84377506837675,25.517470319910206,0.1099475695961896,36.101083260330896,32.861268919917094,2.8994565734266295
2025-03-28 11:00:00,11,4,28,34.515719252745356,55.39990471057381,0.3,2,45.0,180,2.0,0.45,2,1,4.0,24.838716780867262,-0.5524220414023127,-6.5681975853333725,9.677002471878094,25.273796040093956,0.3898844438976198,32.33492765689128,37.22228234049935,2.5969779873355696
2025-03-28 12:00:00,12,4,28,38.66813099361412,49.866404410242865,0.3,2,45.0,180,2.0,0.45,5,1,4.0,25.525592511775464,0.6868757309082021,-5.533500300330942,13.142538481838656,25.2518160383041,0.3640160656159917,42.91518133599627,34.119765365459884,3.446730496344383
2025-03-28 13:00:00,13,4,28,35.580955640436486,31.031783632982616,0.3,2,45.0,180,2.0,0.45,2,1,4.0,25.152455017952107,-0.37313749382335715,-18.83462077726025,10.428500622484378,25.17225477019828,0.3438656570077675,36.519882226359954,37.129953562756825,2.933092390009772
2025-03-28 14:00:00,14,4,28,33.11318840644508,37.816928251252605,0.3,2,45.0,180,2.0,0.45,4,1,4.0,25.256900231362106,0.10444521340999913,6.785144618269989,7.856288175082977,25.31164925369656,0.19249932184059476,32.750322167822695,40.12100113833878,2.6303403752894203
2025-03-28 15:00:00,15,4,28,34.047089071989774,47.69870319333553,0.3,2,45.0,180,2.0,0.45,1,1,4.0,24.85888328876098,-0.39801694260112797,9.881774942082927,9.188205783228796,25.089412846025066,0.2063615958222414,30.828406177934298,38.246655531876605,2.475981795235981
2025-03-28 16:00:00,16,4,28,32.758825351060025,25.687710400422034,0.3,2,45.0,180,2.0,0.45,3,1,4.0,25.05918361594894,0.20030032718796065,-22.0109927929135,7.699641735111086,25.058322378690672,0.19900986896773099,31.13823528125833,38.05567084034243,2.5008657031174617
2025-03-28 17:00:00,17,4,28,28.98389813169768,27.457370012770188,0.3,2,45.0,180,2.0,0.45,3,1,4.0,24.473004267071786,-0.5861793488771525,1.7696596123481534,4.510893864625892,24.797023723927236,0.2979454842475769,28.26982407032223,24.723346666959937,2.270489409950156
2025-03-28 18:00:00,18,4,28,31.281371451748488,27.22005882522905,0.3,2,45.0,180,2.0,0.45,3,1,4.0,25.128442585838773,0.6554383187669863,-0.23731118754113822,6.152928865909715,24.886876822953166,0.3600931415777585,30.975099911787154,28.7133951277961,2.4877634946335596
2025-03-28 19:00:00,19,4,28,26.72647934164512,30.747668719940812,0.0,2,45.0,180,2.0,0.45,0,0,3.0,25.293907267627013,0.16546468178824014,3.5276098947117625,1.4325720740181076,24.965118040179192,0.43413893454892705,4.589208384071324,5.138470359692459,0.3685820261975773
2025-03-28 20:00:00,20,4,28,26.17394626121497,32.028958937797654,0.0,2,45.0,180,2.0,0.45,0,0,2.0,25.325957958625086,0.032050690998072895,1.2812902178568422,0.8479883025898829,25.249435937363625,0.1060016746718444,5.587585060983489,4.230074243935161,0.4487665956675373
2025-03-28 21:00:00,21,4,28,25.3458449332258,38.470797206929106,0.0,2,45.0,180,2.0,0.45,0,0,1.0,25.337848321419603,0.011890362794517273,6.441838269131452,0.007996611806195375,25.3192378492239,0.022728263348428306,5.550952096872054,6.264058851358805,0.44582442111196885
2025-03-28 22:00:00,22,4,28,27.40419053647251,30.189764783300916,0.0,2,45.0,180,2.0,0.45,0,0,0.0,25.47559052892543,0.137742207505827,-8.28103242362819,1.9286000075470788,25.379798936323372,0.08317071054005928,4.516384501137498,5.146912421127973,0.3627331799302147
2025-03-28 23:00:00,23,4,28,25.00368262810828,38.840825400850534,0.0,2,45.0,180,2.0,0.45,0,0,0.0,25.44254455683733,-0.03304597208810023,8.651060617549618,-0.4388619287290503,25.41866113572745,0.0719099595677985,5.765092316569584,6.183739075955243,0.46302308141697085
2025-03-29 00:00:00,0,5,29,27.376084839476754,46.1541167066409,0.0,2,45.0,180,2.0,0.45,0,1,0.0,25.589888906807357,0.14734434997002666,7.313291305790365,1.786195932669397,25.50267466419004,0.07731592432521185,6.63540126745602,4.212046027164645,0.5329218983129318
2025-03-29 01:00:00,1,5,29,26.87307137580077,56.298823147303374,0.0,2,45.0,180,2.0,0.45,0,1,0.0,26.567229408231984,0.9773405014246279,10.144706440662475,0.3058419675687851,25.866554290625555,0.6112583780134069,6.46761982671332,3.675817945942262,0.5194465408630636
2025-03-29 02:00:00,2,5,29,27.428154483304837,57.799259830377736,0.0,2,45.0,180,2.0,0.45,0,1,0.0,27.20904444883591,0.6418150406039267,1.500436683074362,0.21911003446892607,26.455387587958416,0.8153512199610704,10.020230558062028,6.652250051563819,0.8047742819603424
2025-03-29 03:00:00,3,5,29,24.756544078186433,61.60900727567824,0.0,2,45.0,180,2.0,0.45,0,1,0.0,27.626659165653496,0.4176147168175852,3.809747445300502,-2.870115087467063,27.134311007573796,0.5336540716229022,10.102962259835168,5.855539945035299,0.8114188741684795
2025-03-29 04:00:00,4,5,29,24.765796650635835,72.0061869215103,0.0,2,45.0,180,2.0,0.45,0,1,0.0,28.10422655937267,0.47756739371917334,10.397179645832068,-3.3384299087368348,27.64664339128736,0.4479255292031273,13.41621484568105,3.9415869411891222,1.0775225785969202
2025-03-29 05:00:00,5,5,29,27.64717722228873,73.10607672381649,0.0,2,45.0,180,2.0,0.45,0,1,0.0,28.73130518310337,0.6270786237307,1.0998898023061798,-1.0841279608146408,28.15406363604318,0.5540067748911355,15.178581601961476,5.729449282359127,1.219066970476728
2025-03-29 06:00:00,6,5,29,29.603327565570854,69.37307146010819,0.0,2,45.0,180,2.0,0.45,0,1,0.0,29.140848084207835,0.4095429011044658,-3.733005263708293,0.46247948136301886,28.658793275561294,0.5221010716226021,18.84533621882954,4.972529202697756,1.5135621716415892
2025-03-29 07:00:00,7,5,29,32.226778913563194,72.96971683112388,0.0,2,45.0,180,2.0,0.45,0,1,0.0,29.97827763370509,0.837429549497255,3.5966453710156827,2.248501279858104,29.28347696700543,0.6356039032259286,19.34125539214968,5.40211232673139,1.5533918935533244
2025-03-29 08:00:00,8,5,29,30.745892881950066,56.43991244657722,1.0,2,45.0,180,2.0,0.45,0,1,0.0,30.937406609354817,0.9591289756497261,-16.529804384546658,-0.19151372740475026,30.018844109089247,0.8989659964445098,19.915225946432326,36.6264582240617,1.5994903079573273
2025-03-29 09:00:00,9,5,29,32.20492955720452,68.60222275102306,1.0,2,45.0,180,2.0,0.45,0,1,0.0,32.356700014208066,1.4192934048532493,12.162310304445846,-0.1517704570035434,31.090794752422656,1.196607369543086,21.65525480300608,33.573740796734064,1.7392406326155507
2025-03-29 10:00:00,10,5,29,31.734847544530506,63.57262662870335,1.0,2,45.0,180,2.0,0.45,0,1,0.0,33.55539149192802,1.1986914777199544,-5.029596122319717,-1.820543947397514,32.283166038496965,1.3105405928598786,24.921541866495385,36.101083260330896,2.00157230362496
2025-03-29 11:00:00,11,5,29,36.9866134758901,55.36272820560322,1.0,2,45.0,180,2.0,0.45,0,1,0.0,34.95428735981607,1.3988958678880508,-8.209898423100128,2.0323261160740316,33.62212628865072,1.3000789031193942,27.580259761579885,32.33492765689128,2.2151070893320832
2025-03-29 12:00:00,12,5,29,35.03870736132232,55.71712224100153,1.0,2,45.0,180,2.0,0.45,0,0,0.0,30.07844698745607,-4.875840372360003,0.3543940353983146,4.960260373866248,32.86270861306672,2.5106397615318636,4.426622571400189,42.91518133599627,0.355523955338711
2025-03-29 13:00:00,13,5,29,35.59570683001816,52.11543132335778,1.0,2,45.0,180,2.0,0.45,0,0,0.0,30.931114763683134,0.8526677762270651,-3.601690917643751,4.664592066335025,31.987949703651754,2.604060272332018,5.8728316092963775,36.519882226359954,0.471676156956571
2025-03-29 14:00:00,14,5,29,32.91764682934818,40.42216002163517,1.0,2,45.0,180,2.0,0.45,0,0,0.0,31.46591303598659,0.5347982723034548,-11.69327130172261,1.4517337933615906,30.825158262375265,0.6997753883092216,5.156704432413376,32.750322167822695,0.4141604410028486
2025-03-29 15:00:00,15,5,29,33.82551590549414,33.12546916425966,1.0,2,45.0,180,2.0,0.45,0,0,0.0,31.80376063000324,0.337847594016651,-7.296690857375509,2.0217552754909036,31.40026280989099,0.44001155228161426,4.630861891323994,30.828406177934298,0.37192742540732165
2025-03-29 16:00:00,16,5,29,32.459422616489306,31.080618647347528,1.0,2,45.0,180,2.0,0.45,0,0,0.0,32.40904427029532,0.6052836402920789,-2.0448505169121347,0.05037834619398751,31.892905978761718,0.47784338562571427,4.199441872949881,31.13823528125833,0.3372779496793406
2025-03-29 17:00:00,17,5,29,30.181492620631975,26.795845829600125,1.0,2,45.0,180,2.0,0.45,0,0,0.0,32.89958255219593,0.4905382819006121,-4.2847728177474025,-2.7180899315639557,32.37079581749816,0.5489113128691187,6.555440792814098,28.26982407032223,0.5264998770637913
2025-03-29 18:00:00,18,5,29,29.917938638083264,33.81690648545758,1.0,2,45.0,180,2.0,0.45,0,0,0.0,33.17410750241202,0.27452495021609025,7.021060655857454,-3.2561688643287567,32.82757810830109,0.38758085251962787,7.622226719822065,30.975099911787154,0.6121787318005708
2025-03-29 19:00:00,19,5,29,27.081438670551243,22.975264519053763,0.0,2,45.0,180,2.0,0.45,0,0,0.0,32.530561107773124,-0.6435463946388964,-10.841641966403817,-5.449122437221881,32.86808372079369,0.32292742651892714,5.381286394211992,4.589208384071324,0.4321977292668706
2025-03-29 20:00:00,20,5,29,29.26056662455463,31.738340728549133,0.0,2,45.0,180,2.0,0.45,0,0,0.0,32.49090187574855,-0.039659232024575886,8.76307620949537,-3.2303352511939174,32.73185682864457,0.3835133081226645,2.467153099030896,5.587585060983489,0.19814926934603694
2025-03-29 21:00:00,21,5,29,26.92268807435574,31.4845943146518,0.0,2,45.0,180,2.0,0.45,0,0,0.0,31.85505722862849,-0.6358446471200594,-0.253746413897332,-4.932369154272749,32.292173404050054,0.3790727196498312,4.990882686711793,5.550952096872054,0.40084247635551506
2025-03-29 22:00:00,22,5,29,25.54025148584334,30.26234314587844,0.0,2,45.0,180,2.0,0.45,0,0,0.0,31.529515075888625,-0.32554215273986387,-1.2222511687733615,-5.989263590045287,31.95849139342189,0.48896841878717295,6.421844125109093,4.516384501137498,0.5157700678341938
2025-03-29 23:00:00,23,5,29,22.980382776540438,51.487274302168444,0.0,2,45.0,180,2.0,0.45,0,0,0.0,31.35974910146332,-0.1697659744253066,21.224931156290005,-8.37936632492288,31.581440468660144,0.25170363529341727,6.790034513759794,5.765092316569584,0.5453412592288532
2025-03-30 00:00:00,0,6,30,23.161766842628555,46.10275402615715,0.0,2,45.0,180,2.0,0.45,0,0,0.0,30.86702087645395,-0.49272822500936897,-5.384520276011294,-7.705254033825394,31.2520950179353,0.34411726540006177,4.680571465555235,6.63540126745602,0.375919847206071
2025-03-30 01:00:00,1,6,30,24.31379130800984,58.57217961082412,0.0,2,45.0,180,2.0,0.45,0,0,0.0,30.455028138922167,-0.4119927375317829,12.469425584666972,-6.141236830912327,30.893932705613143,0.45296047280851987,3.6209458781853714,4.46761982671332,0.2908160747647993
2025-03-30 02:00:00,2,6,30,26.7141687817887,58.45019625914536,0.0,2,45.0,180,2.0,0.45,0,0,0.0,30.354007772203207,-0.10102036671895931,-0.1219833516787645,-3.639838990414507,30.55868559585977,0.271761407428191,5.902529709172962,6.020230558062029,0.47406135826159834
2025-03-30 03:00:00,3,6,30,29.53857798353228,69.60487053678823,0.0,2,45.0,180,2.0,0.45,0,0,0.0,30.487032328014806,0.13302455581159833,11.154674277642869,-0.9484543444825242,30.432022746380056,0.0694321192010413,4.668638110175699,4.102962259835168,0.37496142040627883
2025-03-30 04:00:00,4,6,30,29.767679240308027,66.23054502560251,0.0,2,45.0,180,2.0,0.45,0,0,0.0,30.78094143891858,0.2939091109037726,-3.3743255111857167,-1.0132621986105512,30.540660513045534,0.21846069581517458,6.485166899415524,5.41621484568105,0.5208558330697245
2025-03-30 05:00:00,5,6,30,28.201375187894914,66.84343177306148,0.0,2,45.0,180,2.0,0.45,0,0,0.0,30.480552886147418,-0.3003885527711603,0.6128867474589725,-2.2791776982525036,30.5828422176936,0.17158954478409624,4.380679387575391,5.178581601961475,0.3518340309842434
2025-03-30 06:00:00,6,6,30,29.344437957912493,72.5098477814282,0.0,2,45.0,180,2.0,0.45,0,0,0.0,30.55756595202254,0.07701306587512136,5.666416008366724,-1.213127994110046,30.60635342569618,0.15602398485364385,6.739397562140679,6.845336218829541,0.54127435516474
2025-03-30 07:00:00,7,6,30,32.30911542688118,69.94971278180309,0.0,2,45.0,180,2.0,0.45,0,0,0.0,30.38178089017377,-0.17578506184877085,-2.56013499962512,1.9273345367074093,30.473299909447906,0.0881166910724995,5.434319009208619,5.341255392149681,0.43645704090716525
2025-03-30 08:00:00,8,6,30,32.12326893427813,64.21169953843514,1.0,2,45.0,180,2.0,0.45,0,0,0.0,31.011039727659817,0.6292588374860486,-5.738013243367945,1.1122292066183128,30.650128856618707,0.32468075030569077,4.722525822141147,3.915225946432326,0.37928940911394254
2025-03-30 09:00:00,9,6,30,32.671861134774474,69.46058463463179,1.0,2,45.0,180,2.0,0.45,0,0,0.0,32.07821610747089,1.0671763798110696,5.248885096196645,0.5936450273035874,31.157012241768157,0.8575862013686347,5.5115171086878325,3.6552548030060823,0.44265720214268706
2025-03-30 10:00:00,10,6,30,31.665453421079185,59.937807198325764,1.0,2,45.0,180,2.0,0.45,0,0,0.0,32.14062256102158,0.062406453550693186,-9.522777436306022,-0.47516913994239474,31.74329279871743,0.6349169720650778,6.48207789732402,4.921541866495386,0.520607740031769
2025-03-30 11:00:00,11,6,30,35.8953141841425,58.82387675614992,1.0,2,45.0,180,2.0,0.45,0,0,0.0,32.64947813636201,0.5088555753404336,-1.1139304421758425,3.245836047780486,32.2894389349515,0.31336051326801506,5.661978487691994,5.580259761579885,0.4547414997593135
2025-03-30 12:00:00,12,6,30,34.06063802109484,56.80085181535988,1.0,2,45.0,180,2.0,0.45,0,0,0.0,33.40510037978329,0.7556222434212785,-2.0230249407900445,0.6555376413115468,32.731733692388964,0.6362393581886144,5.26025348994953,4.426622571400189,0.4224769780269674
2025-03-30 13:00:00,13,6,30,33.92098823204481,47.24939142473936,1.0,2,45.0,180,2.0,0.45,0,0,0.0,33.94189022111427,0.5367898413309788,-9.55146039062052,-0.020901989069457727,33.33215624575319,0.6492864423509124,4.974628192878704,5.8728316092963775,0.3995369975516737
2025-03-30 14:00:00,14,6,30,35.463111846963564,40.891544282254415,1.0,2,45.0,180,2.0,0.45,0,0,0.0,34.825670196593165,0.8837799754788946,-6.3578471424849425,0.6374416503703983,34.057553599163576,0.7173131560723142,3.8938876645711904,5.156704432413376,0.3127373797570174
2025-03-30 15:00:00,15,6,30,33.321576862073336,39.509258999130324,1.0,2,45.0,180,2.0,0.45,0,0,0.0,35.18303346547907,0.35736326888590497,-1.3822852831240908,-1.8614566034057347,34.65019796106217,0.6389068925438977,5.590845052091785,4.630861891323994,0.4490284216792417
2025-03-30 16:00:00,16,6,30,33.818178714088916,39.33430955278829,1.0,2,45.0,180,2.0,0.45,0,0,0.0,35.963258593945454,0.7802251284663839,-0.17494944634203335,-2.1450798798565387,35.323987418672566,0.5817455226631764,5.393275947546206,4.199441872949881,0.4331606696023905
2025-03-30 17:00:00,17,6,30,32.09943883763328,28.399834642511983,1.0,2,45.0,180,2.0,0.45,0,0,0.0,36.349348279409945,0.38608968546449063,-10.934474910276307,-4.249909441776666,35.83188011294482,0.5941530023921172,5.409499043078182,6.555440792814098,0.43446362665335536
2025-03-30 18:00:00,18,6,30,31.454961598643358,23.54355351543176,1.0,2,45.0,180,2.0,0.45,0,0,0.0,36.52928001296302,0.1799317335530759,-4.856281127080223,-5.074318414319663,36.28062896210614,0.28920031141945307,6.019633210668711,7.622226719822065,0.4834665197282134
2025-03-30 19:00:00,19,6,30,26.13838048663974,28.06739212551567,0.0,2,45.0,180,2.0,0.45,0,0,0.0,35.985654702068906,-0.5436253108941145,4.52383861008391,-9.847274215429167,36.28809433148063,0.2769407053220879,5.785858635424807,5.381286394211992,0.46469092720642985
2025-03-30 20:00:00,20,6,30,28.992187805994728,34.55343691549197,0.0,2,45.0,180,2.0,0.45,0,0,0.0,35.301182313725995,-0.6844723883429111,6.486044789976301,-6.308994507731267,35.938705676252646,0.6153934903677821,5.239623012860821,2.467153099030896,0.4208200423617289
2025-03-30 21:00:00,21,6,30,26.69255826736859,31.540900381970182,0.0,2,45.0,180,2.0,0.45,0,0,0.0,34.79472139398056,-0.506460919745436,-3.0125365335217893,-8.10216312661197,35.36051946992515,0.597679855489781,5.301449860490819,4.990882686711793,0.4257856623261588
2025-03-30 22:00:00,22,6,30,26.604264125653245,37.441900932022904,0.0,2,45.0,180,2.0,0.45,0,0,0.0,34.31953865878224,-0.47518273519831666,5.901000550052721,-7.715274533128998,34.80514745549627,0.49090487203960226,4.553060081237012,6.421844125109093,0.365678777186589
2025-03-30 23:00:00,23,6,30,25.055491968817623,42.33296786239475,0.0,2,45.0,180,2.0,0.45,0,0,0.0,33.98011073407632,-0.3394279247059231,4.891066930371849,-8.924618765258696,34.364790262279705,0.40918628095531095,7.103372881628426,6.790034513759794,0.5705070135047582
2025-03-31 00:00:00,0,0,31,23.263851282187808,44.4051228238183,0.0,2,45.0,180,2.0,0.45,0,0,0.0,33.4230075007778,-0.5571032332985197,2.07215496142355,-10.159156218589992,33.90755229787879,0.45264840032420645,3.1866554207713085,4.680571465555235,0.255936059878672
2025-03-31 01:00:00,1,0,31,26.026423247593257,48.08545575428956,0.0,2,45.0,180,2.0,0.45,0,0,0.0,33.04897863483901,-0.37402886593879003,3.680332930471259,-7.0225553872457525,33.48403228989772,0.4685560427773207,5.667302366998966,3.6209458781853714,0.45516908684143553
2025-03-31 02:00:00,2,0,31,27.271422053465987,62.15952641253058,0.0,2,45.0,180,2.0,0.45,0,0,0.0,32.92986763698074,-0.11911099785827162,14.07407065824102,-5.658445583514752,33.133951257532516,0.2573169082518063,4.821719364402034,5.902529709172962,0.38725613316141266
2025-03-31 03:00:00,3,0,31,26.469206846145696,65.21813738489152,0.0,2,45.0,180,2.0,0.45,0,0,0.0,32.373914086095745,-0.5559535508849933,3.0586109723609383,-5.904707239950049,32.784253452638495,0.36032021072093084,4.3659744582804665,4.668638110175699,0.3506530053735024
2025-03-31 04:00:00,4,0,31,28.545724772464922,67.5919832988451,0.0,2,45.0,180,2.0,0.45,0,0,0.0,32.07129916172429,-0.3026149243714542,2.3738459139535735,-3.5255743892593685,32.45836029493359,0.43546908996689054,5.0880125031256505,6.485166899415524,0.40864345237183136
2025-03-31 05:00:00,5,0,31,27.767364381049934,68.23601454145047,0.0,2,45.0,180,2.0,0.45,0,0,0.0,32.14666811702756,0.07536895530326859,0.6440312426053794,-4.379303735977626,32.197293788282536,0.1575314795709705,6.389823202030776,4.380679387575391,0.5131983091078114
2025-03-31 06:00:00,6,0,31,29.745490527645227,69.66134076671683,0.0,2,45.0,180,2.0,0.45,0,0,0.0,31.9317837886444,-0.2148843283831603,1.4253262252663603,-2.1862932609991717,32.049917022465415,0.10902621499368453,4.9770944039141325,6.739397562140679,0.39973507115923185
2025-03-31 07:00:00,7,0,31,34.77235156747411,72.14745710975873,0.0,2,45.0,180,2.0,0.45,0,0,0.0,32.265567146588786,0.3337833579443874,2.4861163430418998,2.5067844208853245,32.11467301742025,0.16917623151476263,5.2684971403769865,5.434319009208619,0.4231390663706483
2025-03-31 08:00:00,8,0,31,34.35669495513053,60.95908698843542,1.0,2,45.0,180,2.0,0.45,5,1,1.0,29.22159813010574,-3.0439690164830466,-11.18837012132331,5.135096825024789,31.139649688446315,1.6694442691655915,37.05778340564858,4.722525822141147,2.976293894488063
2025-03-31 09:00:00,9,0,31,35.73809308210912,62.82336979828643,1.0,2,45.0,180,2.0,0.45,1,1,2.0,27.41634797707173,-1.8052501530340095,1.8642828098510051,8.321745105037387,29.634504417922088,2.450836661303994,33.685185332011336,5.5115171086878325,2.7054238603780707
2025-03-31 10:00:00,10,0,31,33.68878056350886,51.03006417106817,1.0,2,45.0,180,2.0,0.45,2,1,3.0,26.57167763265359,-0.8446703444181409,-11.79330562721826,7.117102930855268,27.736541246610358,1.3536663023424975,30.05155728237018,6.48207789732402,2.413589217690319
2025-03-31 11:00:00,11,0,31,36.66551031209461,62.29729706492547,1.0,2,45.0,180,2.0,0.45,5,1,4.0,26.412955274593255,-0.1587223580603343,11.267232893857305,10.252555037501356,26.800326961439527,0.5393603762906314,41.72577623757743,5.661978487691994,3.3512034894064184
2025-03-31 12:00:00,12,0,31,33.23004303113284,53.46261482031443,1.0,2,45.0,180,2.0,0.45,2,1,4.0,25.991259782852097,-0.4216954917411577,-8.834682244611045,7.23878324828074,26.32529756336632,0.2999735419084273,31.982261551048783,5.26025348994953,2.568653627885298
2025-03-31 13:00:00,13,0,31,34.54080585507256,38.29789825944277,1.0,2,45.0,180,2.0,0.45,3,1,4.0,26.275932508186774,0.28467272533467636,-15.16471656087166,8.26487334688579,26.226715855210713,0.2151127172814364,34.30475190416273,4.974628192878704,2.7551843165213272
2025-03-31 14:00:00,14,0,31,34.58160153533785,46.85922767534494,1.0,2,45.0,180,2.0,0.45,2,1,4.0,26.206421019096606,-0.0695114890901678,8.561329415902172,8.375180516241247,26.157871103378497,0.14841651146154236,32.82496377273135,3.8938876645711904,2.6363352118000836
2025-03-31 15:00:00,15,0,31,31.802393575853934,38.102826315551376,1.0,2,45.0,180,2.0,0.45,2,1,4.0,25.468352943966583,-0.7380680751300233,-8.756401359793564,6.334040631887351,25.98356882374999,0.4475416336660538,29.676165891267,5.590845052091785,2.3834396781683878
2025-03-31 16:00:00,16,0,31,33.78075880244383,33.584139255062894,1.0,2,45.0,180,2.0,0.45,5,1,4.0,25.777685435411986,0.309332491445403,-4.518687060488482,8.003073367031842,25.817486466158396,0.3706402736046583,36.57073499297169,5.393275947546206,2.9371766272434874
2025-03-31 17:00:00,17,0,31,31.570821922751932,28.508001490655317,1.0,2,45.0,180,2.0,0.45,2,1,4.0,25.172254702049557,-0.6054307333624287,-5.0761377644075765,6.398567220702375,25.472764360476045,0.3027394732628643,31.39029821570292,5.409499043078182,2.52111012423143
2025-03-31 18:00:00,18,0,31,30.627377095786958,33.90922288532381,1.0,2,45.0,180,2.0,0.45,2,1,4.0,25.070135894386706,-0.1021188076628512,5.4012213946684895,5.557241201400252,25.34002534394942,0.3824484664156715,26.67913520383007,6.019633210668711,2.142733318617151
2025-03-31 19:00:00,19,0,31,28.33934770924594,30.51280136313555,0.0,2,45.0,180,2.0,0.45,0,0,3.0,25.21878469093736,0.14864879655065266,-3.3964215221882554,3.12056301830858,25.153725095791213,0.07603700355651409,3.644731871675524,5.785858635424807,0.29272644556124267
2025-03-31 20:00:00,20,0,31,27.18383385584909,35.004720959346216,0.0,2,45.0,180,2.0,0.45,0,0,2.0,24.951297621925136,-0.26748706901222263,4.491919596210664,2.2325362339239554,25.080072735749738,0.13402010533567174,3.816257033571726,5.239623012860821,0.3065024797755537
2025-03-31 21:00:00,21,0,31,24.42931773865611,43.09931620335824,0.0,2,45.0,180,2.0,0.45,0,0,1.0,24.986257849537218,0.03496022761208195,8.094595244012027,-0.5569401108811078,25.052113387466576,0.14539617233252822,3.9721300202912233,5.301449860490819,0.3190214103767333
2025-03-31 22:00:00,22,0,31,26.266471709910746,41.53239789196507,0.0,2,45.0,180,2.0,0.45,0,0,0.0,24.923967955759394,-0.062289893777823124,-1.5669183113931737,1.3425037541513518,24.953841142407256,0.03122274553634243,4.234942230895974,4.553060081237012,0.34012915903124674
2025-03-31 23:00:00,23,0,31,23.5282253494221,41.474573070112626,0.0,2,45.0,180,2.0,0.45,0,0,0.0,24.682152289211015,-0.24181566654837994,-0.0578248218524422,-1.1539269397889136,24.864126031502547,0.16064196176334286,5.150702402863442,7.103372881628426,0.4136783883201919
